Team Name,Souvenir,Price
Boston Celtics,Autographed Basketball,$49.89 
Boston Celtics,Team Pennant,$17.99 
Boston Celtics,Team Picture,$29.99 
Boston Celtics,Team Jersey,$179.99 
Brooklyn Nets,Autographed Basketball,$49.89 
Brooklyn Nets,Team Pennant,$17.99 
Brooklyn Nets,Team Picture,$29.99 
Brooklyn Nets,Team Jersey,$179.99 
New York Knicks,Autographed Basketball,$49.89 
New York Knicks,Team Pennant,$17.99 
New York Knicks,Team Picture,$29.99 
New York Knicks,Team Jersey,$179.99 
Philadelphia 76ers,Autographed Basketball,$49.89 
Philadelphia 76ers,Team Pennant,$17.99 
Philadelphia 76ers,Team Picture,$29.99 
Philadelphia 76ers,Team Jersey,$179.99 
Toronto Raptors,Autographed Basketball,$49.89 
Toronto Raptors,Team Pennant,$17.99 
Toronto Raptors,Team Picture,$29.99 
Toronto Raptors,Team Jersey,$179.99 
Chicago Bulls,Autographed Basketball,$49.89 
Chicago Bulls,Team Pennant,$17.99 
Chicago Bulls,Team Picture,$29.99 
Chicago Bulls,Team Jersey,$179.99 
Cleveland Cavaliers,Autographed Basketball,$49.89 
Cleveland Cavaliers,Team Pennant,$17.99 
Cleveland Cavaliers,Team Picture,$29.99 
Cleveland Cavaliers,Team Jersey,$179.99 
Detroit Pistons,Autographed Basketball,$49.89 
Detroit Pistons,Team Pennant,$17.99 
Detroit Pistons,Team Picture,$29.99 
Detroit Pistons,Team Jersey,$179.99 
Indiana Pacers,Autographed Basketball,$49.89 
Indiana Pacers,Team Pennant,$17.99 
Indiana Pacers,Team Picture,$29.99 
Indiana Pacers,Team Jersey,$179.99 
Milwaukee Bucks,Autographed Basketball,$49.89 
Milwaukee Bucks,Team Pennant,$17.99 
Milwaukee Bucks,Team Picture,$29.99 
Milwaukee Bucks,Team Jersey,$179.99 
Atlanta Hawks,Autographed Basketball,$49.89 
Atlanta Hawks,Team Pennant,$17.99 
Atlanta Hawks,Team Picture,$29.99 
Atlanta Hawks,Team Jersey,$179.99 
Charlotte Hornets,Autographed Basketball,$49.89 
Charlotte Hornets,Team Pennant,$17.99 
Charlotte Hornets,Team Picture,$29.99 
Charlotte Hornets,Team Jersey,$179.99 
Miami Heat,Autographed Basketball,$49.89 
Miami Heat,Team Pennant,$17.99 
Miami Heat,Team Picture,$29.99 
Miami Heat,Team Jersey,$179.99 
Orlando Magic,Autographed Basketball,$49.89 
Orlando Magic,Team Pennant,$17.99 
Orlando Magic,Team Picture,$29.99 
Orlando Magic,Team Jersey,$179.99 
Washington Wizards,Autographed Basketball,$49.89 
Washington Wizards,Team Pennant,$17.99 
Washington Wizards,Team Picture,$29.99 
Washington Wizards,Team Jersey,$179.99 
Denver Nuggets,Autographed Basketball,$49.89 
Denver Nuggets,Team Pennant,$17.99 
Denver Nuggets,Team Picture,$29.99 
Denver Nuggets,Team Jersey,$179.99 
Minnesota Timberwolves,Autographed Basketball,$49.89 
Minnesota Timberwolves,Team Pennant,$17.99 
Minnesota Timberwolves,Team Picture,$29.99 
Minnesota Timberwolves,Team Jersey,$179.99 
Oklahoma City Thunder,Autographed Basketball,$49.89 
Oklahoma City Thunder,Team Pennant,$17.99 
Oklahoma City Thunder,Team Picture,$29.99 
Oklahoma City Thunder,Team Jersey,$179.99 
Portland Trail Blazers,Autographed Basketball,$49.89 
Portland Trail Blazers,Team Pennant,$17.99 
Portland Trail Blazers,Team Picture,$29.99 
Portland Trail Blazers,Team Jersey,$179.99 
Utah Jazz,Autographed Basketball,$49.89 
Utah Jazz,Team Pennant,$17.99 
Utah Jazz,Team Picture,$29.99 
Utah Jazz,Team Jersey,$179.99 
Golden State Warriors,Autographed Basketball,$49.89 
Golden State Warriors,Team Pennant,$17.99 
Golden State Warriors,Team Picture,$29.99 
Golden State Warriors,Team Jersey,$179.99 
Los Angeles Clippers,Autographed Basketball,$49.89 
Los Angeles Clippers,Team Pennant,$17.99 
Los Angeles Clippers,Team Picture,$29.99 
Los Angeles Clippers,Team Jersey,$179.99 
Los Angeles Lakers,Autographed Basketball,$49.89 
Los Angeles Lakers,Team Pennant,$17.99 
Los Angeles Lakers,Team Picture,$29.99 
Los Angeles Lakers,Team Jersey,$179.99 
Phoenix Suns,Autographed Basketball,$49.89 
Phoenix Suns,Team Pennant,$17.99 
Phoenix Suns,Team Picture,$29.99 
Phoenix Suns,Team Jersey,$179.99 
Sacramento Kings,Autographed Basketball,$49.89 
Sacramento Kings,Team Pennant,$17.99 
Sacramento Kings,Team Picture,$29.99 
Sacramento Kings,Team Jersey,$179.99 
Dallas Mavericks,Autographed Basketball,$49.89 
Dallas Mavericks,Team Pennant,$17.99 
Dallas Mavericks,Team Picture,$29.99 
Dallas Mavericks,Team Jersey,$179.99 
Houston Rockets,Autographed Basketball,$49.89 
Houston Rockets,Team Pennant,$17.99 
Houston Rockets,Team Picture,$29.99 
Houston Rockets,Team Jersey,$179.99 
Memphis Grizzlies,Autographed Basketball,$49.89 
Memphis Grizzlies,Team Pennant,$17.99 
Memphis Grizzlies,Team Picture,$29.99 
Memphis Grizzlies,Team Jersey,$179.99 
New Orleans Pelicans,Autographed Basketball,$49.89 
New Orleans Pelicans,Team Pennant,$17.99 
New Orleans Pelicans,Team Picture,$29.99 
New Orleans Pelicans,Team Jersey,$179.99 
San Antonio Spurs,Autographed Basketball,$49.89 
San Antonio Spurs,Team Pennant,$17.99 
San Antonio Spurs,Team Picture,$29.99 
San Antonio Spurs,Team Jersey,$179.99 
